data,valor
2014-01-02,107.77999877929688
2014-01-03,106.88999938964844
2014-01-06,106.7300033569336
2014-01-07,107.3499984741211
2014-01-08,107.1500015258789
2014-01-09,106.38999938964844
2014-01-10,107.25
2014-01-13,106.75
2014-01-14,106.38999938964844
2014-01-15,107.12999725341797
2014-01-16,107.08999633789062
2014-01-17,107.05999755859375
2014-01-22,108.2699966430664
2014-01-23,107.58000183105469
2014-01-24,107.87999725341797
2014-01-27,106.69000244140625
2014-01-28,107.41000366210938
2014-01-29,107.8499984741211
2014-01-30,107.94999694824219
2014-01-31,106.4000015258789
2014-02-03,106.04000091552734
2014-02-04,105.77999877929688
2014-02-05,106.25
2014-02-06,107.19000244140625
2014-02-07,109.56999969482422
2014-02-10,108.62999725341797
2014-02-11,108.68000030517578
2014-02-12,108.79000091552734
2014-02-13,108.7300033569336
2014-02-14,108.7300033569336
2014-02-19,110.47000122070312
2014-02-20,110.30000305175781
2014-02-21,109.8499984741211
2014-02-24,110.63999938964844
2014-02-25,109.51000213623047
2014-02-26,109.5199966430664
2014-02-27,108.95999908447266
2014-02-28,109.06999969482422
2014-03-03,111.19999694824219
2014-03-04,109.30000305175781
2014-03-05,107.76000213623047
2014-03-06,108.0999984741211
2014-03-07,109.0
2014-03-10,108.08000183105469
2014-03-11,108.55000305175781
2014-03-12,108.0199966430664
2014-03-13,107.38999938964844
2014-03-14,108.56999969482422
2014-03-17,108.54000091552734
2014-03-18,106.79000091552734
2014-03-19,105.8499984741211
2014-03-20,106.44999694824219
2014-03-21,106.91999816894531
2014-03-24,106.80999755859375
2014-03-25,106.98999786376953
2014-03-26,107.02999877929688
2014-03-27,107.83000183105469
2014-03-28,108.06999969482422
2014-03-31,107.76000213623047
2014-04-01,105.62000274658203
2014-04-02,104.79000091552734
2014-04-03,106.1500015258789
2014-04-04,106.72000122070312
2014-04-07,105.81999969482422
2014-04-08,107.66999816894531
2014-04-09,107.9800033569336
2014-04-10,107.45999908447266
2014-04-11,107.33000183105469
2014-04-14,109.06999969482422
2014-04-15,108.73999786376953
2014-04-16,108.80000305175781
2014-04-17,109.52999877929688
2014-04-21,109.94999694824219
2014-04-22,109.2699966430664
2014-04-23,109.11000061035156
2014-04-24,110.33000183105469
2014-04-25,109.58000183105469
2014-04-28,108.12000274658203
2014-04-29,108.9800033569336
2014-04-30,108.06999969482422
2014-05-01,107.76000213623047
2014-05-02,108.58999633789062
2014-05-05,107.72000122070312
2014-05-06,107.05999755859375
2014-05-07,108.12999725341797
2014-05-08,108.04000091552734
2014-05-09,107.88999938964844
2014-05-12,108.41000366210938
2014-05-13,109.23999786376953
2014-05-14,110.19000244140625
2014-05-15,110.44000244140625
2014-05-16,110.41999816894531
2014-05-19,109.37000274658203
2014-05-20,109.69000244140625
2014-05-21,110.55000305175781
2014-05-22,110.36000061035156
2014-05-23,110.54000091552734
2014-05-27,110.0199966430664
2014-05-28,109.80999755859375
2014-05-29,109.97000122070312
2014-05-30,109.41000366210938
2014-06-02,108.83000183105469
2014-06-03,108.81999969482422
2014-06-04,108.4000015258789
2014-06-05,108.79000091552734
2014-06-06,108.61000061035156
2014-06-09,109.98999786376953
2014-06-10,109.5199966430664
2014-06-11,109.94999694824219
2014-06-12,113.0199966430664
2014-06-13,113.41000366210938
2014-06-16,113.22000122070312
2014-06-17,113.44999694824219
2014-06-18,114.26000213623047
2014-06-19,115.05999755859375
2014-06-20,114.80999755859375
2014-06-23,114.12000274658203
2014-06-24,114.45999908447266
2014-06-25,114.0
2014-06-26,113.20999908447266
2014-06-27,113.30000305175781
2014-06-30,112.36000061035156
2014-07-01,112.29000091552734
2014-07-02,111.23999786376953
2014-07-03,111.0
2014-07-07,110.23999786376953
2014-07-08,108.94000244140625
2014-07-09,108.27999877929688
2014-07-10,108.66999816894531
2014-07-11,106.66000366210938
2014-07-14,106.9800033569336
2014-07-15,106.0199966430664
2014-07-16,105.8499984741211
2014-07-17,105.95999908447266
2014-07-18,107.23999786376953
2014-07-21,107.68000030517578
2014-07-22,107.33000183105469
2014-07-23,108.02999877929688
2014-07-24,107.06999969482422
2014-07-25,108.38999938964844
2014-07-28,107.56999969482422
2014-07-29,107.72000122070312
2014-07-30,106.51000213623047
2014-07-31,106.0199966430664
2014-08-01,104.83999633789062
2014-08-04,105.41000366210938
2014-08-05,104.61000061035156
2014-08-06,104.58999633789062
2014-08-07,105.44000244140625
2014-08-08,105.0199966430664
2014-08-11,104.68000030517578
2014-08-12,103.0199966430664
2014-08-13,104.27999877929688
2014-08-14,102.01000213623047
2014-08-15,101.94999694824219
2014-08-18,101.5999984741211
2014-08-19,101.55999755859375
2014-08-20,102.27999877929688
2014-08-21,102.62999725341797
2014-08-22,102.29000091552734
2014-08-25,102.6500015258789
2014-08-26,102.5
2014-08-27,102.72000122070312
2014-08-28,102.45999908447266
2014-08-29,103.19000244140625
2014-09-02,100.33999633789062
2014-09-03,102.7699966430664
2014-09-04,101.83000183105469
2014-09-05,100.81999969482422
2014-09-08,100.19999694824219
2014-09-09,99.16000366210938
2014-09-10,98.04000091552734
2014-09-11,98.08000183105469
2014-09-12,97.11000061035156
2014-09-15,96.6500015258789
2014-09-16,96.62999725341797
2014-09-17,98.97000122070312
2014-09-18,97.69999694824219
2014-09-19,98.38999938964844
2014-09-22,96.97000122070312
2014-09-23,96.8499984741211
2014-09-24,96.94999694824219
2014-09-25,97.0
2014-09-26,97.0
2014-09-29,97.19999694824219
2014-09-30,94.66999816894531
2014-10-01,94.16000366210938
2014-10-02,93.41999816894531
2014-10-03,92.30999755859375
2014-10-06,92.79000091552734
2014-10-07,92.11000061035156
2014-10-08,91.37999725341797
2014-10-09,90.05000305175781
2014-10-10,90.20999908447266
2014-10-13,88.88999938964844
2014-10-14,85.04000091552734
2014-10-15,83.77999877929688
2014-10-16,84.47000122070312
2014-10-17,84.54000091552734
2014-10-20,85.4000015258789
2014-10-21,86.22000122070312
2014-10-22,84.70999908447266
2014-10-23,86.83000183105469
2014-10-24,86.12999725341797
2014-10-27,85.83000183105469
2014-10-28,86.02999877929688
2014-10-29,87.12000274658203
2014-10-30,86.23999786376953
2014-10-31,85.86000061035156
2014-11-03,84.77999877929688
2014-11-04,82.81999969482422
2014-11-05,82.94999694824219
2014-11-06,82.86000061035156
2014-11-07,83.38999938964844
2014-11-10,82.33999633789062
2014-11-11,81.66999816894531
2014-11-12,80.37999725341797
2014-11-13,77.91999816894531
2014-11-14,77.73999786376953
2014-11-17,79.30999755859375
2014-11-18,78.47000122070312
2014-11-19,78.0999984741211
2014-11-20,79.33000183105469
2014-11-21,80.36000061035156
2014-11-24,79.68000030517578
2014-11-25,78.33000183105469
2014-11-26,77.75
2014-11-28,70.1500015258789
2014-12-01,72.54000091552734
2014-12-02,70.54000091552734
2014-12-03,69.91999816894531
2014-12-04,69.63999938964844
2014-12-05,69.06999969482422
2014-12-08,66.19000244140625
2014-12-09,66.83999633789062
2014-12-10,64.23999786376953
2014-12-11,63.68000030517578
2014-12-12,61.849998474121094
2014-12-15,61.060001373291016
2014-12-16,59.86000061035156
2014-12-17,59.79999923706055
2014-12-18,59.27000045776367
2014-12-19,61.380001068115234
2014-12-22,60.11000061035156
2014-12-23,61.689998626708984
2014-12-24,60.2400016784668
2014-12-26,59.45000076293945
2014-12-29,57.880001068115234
2014-12-30,57.900001525878906
2014-12-31,57.33000183105469
2015-01-02,56.41999816894531
2015-01-05,53.11000061035156
2015-01-06,51.099998474121094
2015-01-07,51.150001525878906
2015-01-08,50.959999084472656
2015-01-09,50.11000061035156
2015-01-12,47.43000030517578
2015-01-13,46.59000015258789
2015-01-14,48.689998626708984
2015-01-15,47.66999816894531
2015-01-16,47.689998626708984
2015-01-20,47.9900016784668
2015-01-21,49.029998779296875
2015-01-22,48.52000045776367
2015-01-23,48.790000915527344
2015-01-26,48.15999984741211
2015-01-27,49.599998474121094
2015-01-28,48.470001220703125
2015-01-29,49.130001068115234
2015-01-30,52.9900016784668
2015-02-02,54.75
2015-02-03,57.90999984741211
2015-02-04,54.15999984741211
2015-02-05,56.56999969482422
2015-02-06,57.79999923706055
2015-02-09,58.34000015258789
2015-02-10,56.43000030517578
2015-02-11,54.65999984741211
2015-02-12,57.04999923706055
2015-02-13,57.38999938964844
2015-02-17,62.529998779296875
2015-02-18,60.529998779296875
2015-02-19,60.209999084472656
2015-02-20,60.220001220703125
2015-02-23,58.900001525878906
2015-02-24,58.65999984741211
2015-02-25,61.630001068115234
2015-02-26,60.04999923706055
2015-02-27,62.58000183105469
2015-03-02,59.540000915527344
2015-03-03,61.02000045776367
2015-03-04,60.54999923706055
2015-03-05,60.47999954223633
2015-03-06,59.72999954223633
2015-03-09,58.529998779296875
2015-03-10,56.38999938964844
2015-03-11,57.540000915527344
2015-03-12,57.08000183105469
2015-03-13,54.66999816894531
2015-03-16,53.439998626708984
2015-03-17,53.43000030517578
2015-03-18,55.90999984741211
2015-03-19,54.43000030517578
2015-03-20,55.31999969482422
2015-03-23,55.91999816894531
2015-03-24,55.11000061035156
2015-03-25,56.47999954223633
2015-03-26,59.189998626708984
2015-03-27,56.40999984741211
2015-03-30,56.290000915527344
2015-03-31,55.11000061035156
2015-04-01,57.099998474121094
2015-04-02,54.95000076293945
2015-04-06,58.119998931884766
2015-04-07,59.099998474121094
2015-04-08,55.54999923706055
2015-04-09,56.56999969482422
2015-04-10,57.869998931884766
2015-04-13,57.93000030517578
2015-04-14,58.43000030517578
2015-04-15,60.31999969482422
2015-04-16,60.400001525878906
2015-04-17,63.45000076293945
2015-04-20,63.45000076293945
2015-04-21,62.08000183105469
2015-04-22,62.72999954223633
2015-04-23,64.8499984741211
2015-04-24,65.27999877929688
2015-04-27,64.83000183105469
2015-04-28,64.63999938964844
2015-04-29,65.83999633789062
2015-04-30,66.77999877929688
2015-05-01,66.45999908447266
2015-05-04,66.44999694824219
2015-05-05,67.5199966430664
2015-05-06,67.7699966430664
2015-05-07,65.54000091552734
2015-05-08,65.38999938964844
2015-05-11,64.91000366210938
2015-05-12,66.86000061035156
2015-05-13,66.80999755859375
2015-05-14,66.58999633789062
2015-05-15,66.56999969482422
2015-05-18,66.2699966430664
2015-05-19,64.0199966430664
2015-05-20,65.02999877929688
2015-05-21,66.54000091552734
2015-05-22,65.37000274658203
2015-05-26,63.720001220703125
2015-05-27,62.060001373291016
2015-05-28,62.58000183105469
2015-05-29,65.55999755859375
2015-06-01,64.87999725341797
2015-06-02,65.48999786376953
2015-06-03,63.79999923706055
2015-06-04,62.029998779296875
2015-06-05,63.310001373291016
2015-06-08,62.689998626708984
2015-06-09,64.87999725341797
2015-06-10,65.69999694824219
2015-06-11,65.11000061035156
2015-06-12,63.869998931884766
2015-06-15,62.61000061035156
2015-06-16,62.630001068115234
2015-06-17,63.869998931884766
2015-06-18,64.26000213623047
2015-06-19,63.02000045776367
2015-06-22,63.34000015258789
2015-06-23,64.44999694824219
2015-06-24,63.4900016784668
2015-06-25,63.20000076293945
2015-06-26,63.2599983215332
2015-06-29,62.0099983215332
2015-06-30,63.59000015258789
2015-07-01,62.0099983215332
2015-07-02,62.06999969482422
2015-07-06,56.540000915527344
2015-07-07,56.849998474121094
2015-07-08,57.04999923706055
2015-07-09,58.61000061035156
2015-07-10,58.72999954223633
2015-07-13,57.849998474121094
2015-07-14,58.5099983215332
2015-07-15,57.04999923706055
2015-07-16,57.5099983215332
2015-07-17,57.52000045776367
2015-07-20,56.650001525878906
2015-07-21,57.040000915527344
2015-07-22,56.130001068115234
2015-07-23,55.27000045776367
2015-07-24,54.619998931884766
2015-07-27,53.470001220703125
2015-07-28,53.29999923706055
2015-07-29,53.380001068115234
2015-07-30,53.310001373291016
2015-07-31,52.209999084472656
2015-08-03,49.52000045776367
2015-08-04,49.9900016784668
2015-08-05,49.59000015258789
2015-08-06,49.52000045776367
2015-08-07,48.61000061035156
2015-08-10,50.40999984741211
2015-08-11,49.18000030517578
2015-08-12,49.65999984741211
2015-08-13,49.220001220703125
2015-08-14,49.029998779296875
2015-08-17,49.029998779296875
2015-08-18,48.810001373291016
2015-08-19,47.15999984741211
2015-08-20,46.619998931884766
2015-08-21,45.459999084472656
2015-08-24,42.689998626708984
2015-08-25,43.209999084472656
2015-08-26,43.13999938964844
2015-08-27,47.560001373291016
2015-08-28,50.04999923706055
2015-08-31,54.150001525878906
2015-09-01,49.560001373291016
2015-09-02,50.5
2015-09-03,50.68000030517578
2015-09-04,49.61000061035156
2015-09-08,49.52000045776367
2015-09-09,47.58000183105469
2015-09-10,48.88999938964844
2015-09-11,48.13999938964844
2015-09-14,46.369998931884766
2015-09-15,46.630001068115234
2015-09-16,46.61000061035156
2015-09-17,49.08000183105469
2015-09-18,47.470001220703125
2015-09-21,48.91999816894531
2015-09-22,49.08000183105469
2015-09-23,47.75
2015-09-24,48.16999816894531
2015-09-25,48.599998474121094
2015-09-28,47.34000015258789
2015-09-29,48.22999954223633
2015-09-30,48.369998931884766
2015-10-01,47.689998626708984
2015-10-02,48.130001068115234
2015-10-05,49.25
2015-10-06,51.91999816894531
2015-10-07,51.33000183105469
2015-10-08,53.04999923706055
2015-10-09,52.650001525878906
2015-10-12,49.86000061035156
2015-10-13,49.2400016784668
2015-10-14,49.150001525878906
2015-10-15,48.709999084472656
2015-10-16,48.72999954223633
2015-10-19,48.61000061035156
2015-10-20,48.709999084472656
2015-10-21,47.849998474121094
2015-10-22,48.08000183105469
2015-10-23,47.9900016784668
2015-10-26,47.540000915527344
2015-10-27,46.810001373291016
2015-10-28,49.04999923706055
2015-10-29,48.79999923706055
2015-10-30,49.560001373291016
2015-11-02,48.790000915527344
2015-11-03,50.540000915527344
2015-11-04,48.58000183105469
2015-11-05,47.97999954223633
2015-11-06,47.41999816894531
2015-11-09,47.189998626708984
2015-11-10,47.439998626708984
2015-11-11,45.810001373291016
2015-11-12,44.060001373291016
2015-11-13,43.61000061035156
2015-11-16,43.58000183105469
2015-11-17,43.56999969482422
2015-11-18,44.13999938964844
2015-11-19,44.18000030517578
2015-11-20,44.65999984741211
2015-11-23,44.83000183105469
2015-11-24,46.119998931884766
2015-11-25,46.16999816894531
2015-11-27,44.86000061035156
2015-11-30,44.61000061035156
2015-12-01,44.439998626708984
2015-12-02,42.4900016784668
2015-12-03,43.84000015258789
2015-12-04,43.0
2015-12-07,40.72999954223633
2015-12-08,40.2599983215332
2015-12-09,40.11000061035156
2015-12-10,39.72999954223633
2015-12-11,37.93000030517578
2015-12-14,37.91999816894531
2015-12-15,38.45000076293945
2015-12-16,37.189998626708984
2015-12-17,37.18000030517578
2015-12-18,36.880001068115234
2015-12-21,36.349998474121094
2015-12-22,36.11000061035156
2015-12-23,37.36000061035156
2015-12-24,37.88999938964844
2015-12-28,36.619998931884766
2015-12-29,37.790000915527344
2015-12-30,36.459999084472656
2015-12-31,37.279998779296875
2016-01-04,37.220001220703125
2016-01-05,36.41999816894531
2016-01-06,34.22999954223633
2016-01-07,33.75
2016-01-08,33.54999923706055
2016-01-11,31.549999237060547
2016-01-12,30.860000610351562
2016-01-13,30.309999465942383
2016-01-14,31.030000686645508
2016-01-15,31.010000228881836
2016-01-19,28.760000228881836
2016-01-20,27.8799991607666
2016-01-21,29.25
2016-01-22,32.18000030517578
2016-01-25,30.5
2016-01-26,31.799999237060547
2016-01-27,33.099998474121094
2016-01-28,33.88999938964844
2016-01-29,34.7400016784668
2016-02-01,34.689998626708984
2016-02-02,32.720001220703125
2016-02-03,35.040000915527344
2016-02-04,34.459999084472656
2016-02-05,34.060001373291016
2016-02-08,32.880001068115234
2016-02-09,30.31999969482422
2016-02-10,30.84000015258789
2016-02-11,30.059999465942383
2016-02-12,33.36000061035156
2016-02-16,32.18000030517578
2016-02-17,34.5
2016-02-18,34.279998779296875
2016-02-19,33.0099983215332
2016-02-22,34.689998626708984
2016-02-23,33.27000045776367
2016-02-24,34.40999984741211
2016-02-25,35.290000915527344
2016-02-26,35.099998474121094
2016-02-29,35.970001220703125
2016-03-01,35.959999084472656
2016-03-02,36.93000030517578
2016-03-03,37.06999969482422
2016-03-04,38.720001220703125
2016-03-07,40.84000015258789
2016-03-08,39.650001525878906
2016-03-09,41.06999969482422
2016-03-10,40.04999923706055
2016-03-11,40.38999938964844
2016-03-14,39.529998779296875
2016-03-15,38.7400016784668
2016-03-16,40.33000183105469
2016-03-17,41.540000915527344
2016-03-18,41.20000076293945
2016-03-21,41.540000915527344
2016-03-22,41.790000915527344
2016-03-23,40.470001220703125
2016-03-24,40.439998626708984
2016-03-28,40.27000045776367
2016-03-29,39.13999938964844
2016-03-30,39.2599983215332
2016-03-31,39.599998474121094
2016-04-01,39.65999984741211
2016-04-04,37.689998626708984
2016-04-05,37.869998931884766
2016-04-06,39.84000015258789
2016-04-07,39.43000030517578
2016-04-08,41.939998626708984
2016-04-11,42.83000183105469
2016-04-12,44.689998626708984
2016-04-13,44.18000030517578
2016-04-14,43.84000015258789
2016-04-15,43.099998474121094
2016-04-18,42.90999984741211
2016-04-19,44.029998779296875
2016-04-20,45.79999923706055
2016-04-21,44.529998779296875
2016-04-22,45.11000061035156
2016-04-25,44.47999954223633
2016-04-26,45.7400016784668
2016-04-27,47.18000030517578
2016-04-28,48.13999938964844
2016-04-29,48.130001068115234
2016-05-02,48.099998474121094
2016-05-03,46.75
2016-05-04,44.619998931884766
2016-05-05,45.0099983215332
2016-05-06,45.369998931884766
2016-05-09,43.630001068115234
2016-05-10,45.52000045776367
2016-05-11,47.599998474121094
2016-05-12,48.08000183105469
2016-05-13,47.83000183105469
2016-05-16,48.970001220703125
2016-05-17,49.279998779296875
2016-05-18,48.93000030517578
2016-05-19,48.810001373291016
2016-05-20,48.720001220703125
2016-05-23,48.349998474121094
2016-05-24,48.61000061035156
2016-05-25,49.7400016784668
2016-05-26,49.59000015258789
2016-05-27,49.31999969482422
2016-05-31,49.689998626708984
2016-06-01,49.709999084472656
2016-06-02,50.040000915527344
2016-06-03,49.63999938964844
2016-06-06,50.54999923706055
2016-06-07,51.439998626708984
2016-06-08,52.5099983215332
2016-06-09,51.95000076293945
2016-06-10,50.540000915527344
2016-06-13,50.349998474121094
2016-06-14,49.83000183105469
2016-06-15,48.970001220703125
2016-06-16,47.189998626708984
2016-06-17,49.16999816894531
2016-06-20,50.650001525878906
2016-06-21,50.619998931884766
2016-06-22,49.880001068115234
2016-06-23,50.90999984741211
2016-06-24,48.40999984741211
2016-06-27,47.15999984741211
2016-06-28,48.58000183105469
2016-06-29,50.61000061035156
2016-06-30,49.68000030517578
2016-07-01,49.84000015258789
2016-07-05,47.959999084472656
2016-07-06,48.79999923706055
2016-07-07,46.400001525878906
2016-07-08,46.7599983215332
2016-07-11,46.25
2016-07-12,48.470001220703125
2016-07-13,46.2599983215332
2016-07-14,47.369998931884766
2016-07-15,47.61000061035156
2016-07-18,46.959999084472656
2016-07-19,46.65999984741211
2016-07-20,47.16999816894531
2016-07-21,46.20000076293945
2016-07-22,45.689998626708984
2016-07-25,44.720001220703125
2016-07-26,44.869998931884766
2016-07-27,43.470001220703125
2016-07-28,42.70000076293945
2016-07-29,42.459999084472656
2016-08-01,42.45000076293945
2016-08-02,41.79999923706055
2016-08-03,43.099998474121094
2016-08-04,44.290000915527344
2016-08-05,44.27000045776367
2016-08-08,45.38999938964844
2016-08-09,44.97999954223633
2016-08-10,44.04999923706055
2016-08-11,46.040000915527344
2016-08-12,46.970001220703125
2016-08-15,48.349998474121094
2016-08-16,49.22999954223633
2016-08-17,49.849998474121094
2016-08-18,50.88999938964844
2016-08-19,50.880001068115234
2016-08-22,49.15999984741211
2016-08-23,49.959999084472656
2016-08-24,49.04999923706055
2016-08-25,49.66999816894531
2016-08-26,49.91999816894531
2016-08-29,49.2599983215332
2016-08-30,48.369998931884766
2016-08-31,47.040000915527344
2016-09-01,47.04999923706055
2016-09-02,46.83000183105469
2016-09-06,47.2599983215332
2016-09-07,47.97999954223633
2016-09-08,49.9900016784668
2016-09-09,48.0099983215332
2016-09-12,48.31999969482422
2016-09-13,47.099998474121094
2016-09-14,45.849998474121094
2016-09-15,46.59000015258789
2016-09-16,45.77000045776367
2016-09-19,45.95000076293945
2016-09-20,45.880001068115234
2016-09-21,46.83000183105469
2016-09-22,47.650001525878906
2016-09-23,45.88999938964844
2016-09-26,47.349998474121094
2016-09-27,45.970001220703125
2016-09-28,48.689998626708984
2016-09-29,49.2400016784668
2016-09-30,49.060001373291016
2016-10-03,49.099998474121094
2016-10-04,50.869998931884766
2016-10-05,51.86000061035156
2016-10-06,52.5099983215332
2016-10-07,51.93000030517578
2016-10-11,52.40999984741211
2016-10-12,51.810001373291016
2016-10-13,52.029998779296875
2016-10-14,51.95000076293945
2016-10-17,51.52000045776367
2016-10-18,51.68000030517578
2016-10-19,52.66999816894531
2016-10-20,51.380001068115234
2016-10-21,51.779998779296875
2016-10-24,51.459999084472656
2016-10-25,50.790000915527344
2016-10-26,49.97999954223633
2016-10-27,50.470001220703125
2016-10-28,49.709999084472656
2016-10-31,48.29999923706055
2016-11-01,48.33000183105469
2016-11-02,46.86000061035156
2016-11-03,46.349998474121094
2016-11-04,45.58000183105469
2016-11-07,46.150001525878906
2016-11-08,46.040000915527344
2016-11-09,46.36000061035156
2016-11-10,45.84000015258789
2016-11-14,44.43000030517578
2016-11-15,46.95000076293945
2016-11-16,46.630001068115234
2016-11-17,46.4900016784668
2016-11-18,46.86000061035156
2016-11-21,48.900001525878906
2016-11-22,49.119998931884766
2016-11-23,48.95000076293945
2016-11-25,47.2400016784668
2016-11-28,48.2400016784668
2016-11-29,46.380001068115234
2016-11-30,50.470001220703125
2016-12-01,50.459999084472656
2016-12-02,54.459999084472656
2016-12-05,54.939998626708984
2016-12-06,53.93000030517578
2016-12-07,53.0
2016-12-08,53.88999938964844
2016-12-09,54.33000183105469
2016-12-12,55.689998626708984
2016-12-13,55.720001220703125
2016-12-14,53.900001525878906
2016-12-15,54.02000045776367
2016-12-16,55.209999084472656
2016-12-19,54.91999816894531
2016-12-20,55.349998474121094
2016-12-21,54.459999084472656
2016-12-22,55.04999923706055
2016-12-23,55.15999984741211
2016-12-27,56.09000015258789
2016-12-28,56.220001220703125
2016-12-29,56.13999938964844
2016-12-30,56.130001068115234
2017-01-03,55.470001220703125
2017-01-04,56.459999084472656
2017-01-05,56.88999938964844
2017-01-06,57.099998474121094
2017-01-09,54.939998626708984
2017-01-10,53.63999938964844
2017-01-11,55.099998474121094
2017-01-12,56.0099983215332
2017-01-13,55.45000076293945
2017-01-17,55.470001220703125
2017-01-18,53.91999816894531
2017-01-19,54.15999984741211
2017-01-20,55.4900016784668
2017-01-23,55.22999954223633
2017-01-24,55.439998626708984
2017-01-25,55.08000183105469
2017-01-26,56.2400016784668
2017-01-27,55.52000045776367
2017-01-30,55.22999954223633
2017-01-31,55.70000076293945
2017-02-01,55.65999984741211
2017-02-02,56.560001373291016
2017-02-03,56.810001373291016
2017-02-06,55.720001220703125
2017-02-07,55.04999923706055
2017-02-08,55.119998931884766
2017-02-09,55.630001068115234
2017-02-10,56.70000076293945
2017-02-13,55.59000015258789
2017-02-14,55.970001220703125
2017-02-15,55.75
2017-02-16,55.650001525878906
2017-02-17,55.810001373291016
2017-02-21,56.65999984741211
2017-02-22,55.84000015258789
2017-02-23,56.58000183105469
2017-02-24,55.9900016784668
2017-02-27,55.93000030517578
2017-02-28,55.59000015258789
2017-03-01,55.599998474121094
2017-03-02,55.08000183105469
2017-03-03,55.900001525878906
2017-03-06,56.0099983215332
2017-03-07,55.91999816894531
2017-03-08,53.11000061035156
2017-03-09,52.189998626708984
2017-03-10,51.369998931884766
2017-03-13,51.349998474121094
2017-03-14,50.91999816894531
2017-03-15,51.810001373291016
2017-03-16,51.7400016784668
2017-03-17,51.7599983215332
2017-03-20,51.619998931884766
2017-03-21,50.959999084472656
2017-03-22,50.63999938964844
2017-03-23,50.560001373291016
2017-03-24,50.79999923706055
2017-03-27,50.75
2017-03-28,51.33000183105469
2017-03-29,52.41999816894531
2017-03-30,52.959999084472656
2017-03-31,52.83000183105469
2017-04-03,53.119998931884766
2017-04-04,54.16999816894531
2017-04-05,54.36000061035156
2017-04-06,54.88999938964844
2017-04-07,55.2400016784668
2017-04-10,55.97999954223633
2017-04-11,56.22999954223633
2017-04-12,55.86000061035156
2017-04-13,55.88999938964844
2017-04-17,55.36000061035156
2017-04-18,54.88999938964844
2017-04-19,52.93000030517578
2017-04-20,52.9900016784668
2017-04-21,51.959999084472656
2017-04-24,51.599998474121094
2017-04-25,52.099998474121094
2017-04-26,51.81999969482422
2017-04-27,51.439998626708984
2017-04-28,51.72999954223633
2017-05-01,51.52000045776367
2017-05-02,50.459999084472656
2017-05-03,50.790000915527344
2017-05-04,48.380001068115234
2017-05-05,49.099998474121094
2017-05-08,49.34000015258789
2017-05-09,48.72999954223633
2017-05-10,50.220001220703125
2017-05-11,50.77000045776367
2017-05-12,50.84000015258789
2017-05-15,51.81999969482422
2017-05-16,51.650001525878906
2017-05-17,52.209999084472656
2017-05-18,52.5099983215332
2017-05-19,53.61000061035156
2017-05-22,53.869998931884766
2017-05-23,54.150001525878906
2017-05-24,53.959999084472656
2017-05-25,51.459999084472656
2017-05-26,52.150001525878906
2017-05-30,51.84000015258789
2017-05-31,50.310001373291016
2017-06-01,50.33000183105469
2017-06-02,49.95000076293945
2017-06-05,49.470001220703125
2017-06-06,50.119998931884766
2017-06-07,48.060001373291016
2017-06-08,47.86000061035156
2017-06-09,48.150001525878906
2017-06-12,48.290000915527344
2017-06-13,48.720001220703125
2017-06-14,47.0
2017-06-15,46.91999816894531
2017-06-16,47.369998931884766
2017-06-19,46.90999984741211
2017-06-20,46.02000045776367
2017-06-21,44.81999969482422
2017-06-22,45.220001220703125
2017-06-23,45.540000915527344
2017-06-26,45.83000183105469
2017-06-27,46.650001525878906
2017-06-28,47.310001373291016
2017-06-29,47.41999816894531
2017-06-30,47.91999816894531
2017-07-03,49.68000030517578
2017-07-05,47.790000915527344
2017-07-06,48.11000061035156
2017-07-07,46.709999084472656
2017-07-10,46.880001068115234
2017-07-11,47.52000045776367
2017-07-12,47.7400016784668
2017-07-13,48.41999816894531
2017-07-14,48.90999984741211
2017-07-17,48.41999816894531
2017-07-18,48.84000015258789
2017-07-19,49.70000076293945
2017-07-20,49.29999923706055
2017-07-21,48.060001373291016
2017-07-24,48.599998474121094
2017-07-25,50.20000076293945
2017-07-26,50.970001220703125
2017-07-27,51.4900016784668
2017-07-28,52.52000045776367
2017-07-31,52.650001525878906
2017-08-01,52.630001068115234
2017-08-02,52.36000061035156
2017-08-03,52.0099983215332
2017-08-04,52.41999816894531
2017-08-07,52.369998931884766
2017-08-08,52.13999938964844
2017-08-09,52.70000076293945
2017-08-10,51.900001525878906
2017-08-11,52.099998474121094
2017-08-14,50.72999954223633
2017-08-15,50.79999923706055
2017-08-16,50.27000045776367
2017-08-17,51.029998779296875
2017-08-18,52.720001220703125
2017-08-21,51.65999984741211
2017-08-22,51.869998931884766
2017-08-23,52.56999969482422
2017-08-24,52.040000915527344
2017-08-25,52.40999984741211
2017-08-28,51.88999938964844
2017-08-29,52.0
2017-08-30,50.86000061035156
2017-08-31,52.380001068115234
2017-09-01,52.31999969482422
2017-09-05,53.380001068115234
2017-09-06,54.20000076293945
2017-09-07,54.4900016784668
2017-09-08,53.779998779296875
2017-09-11,53.84000015258789
2017-09-12,54.27000045776367
2017-09-13,55.15999984741211
2017-09-14,55.470001220703125
2017-09-15,55.619998931884766
2017-09-18,55.47999954223633
2017-09-19,55.13999938964844
2017-09-20,56.290000915527344
2017-09-21,56.43000030517578
2017-09-22,56.86000061035156
2017-09-25,59.02000045776367
2017-09-26,58.439998626708984
2017-09-27,57.900001525878906
2017-09-28,57.40999984741211
2017-09-29,57.540000915527344
2017-10-02,56.119998931884766
2017-10-03,56.0
2017-10-04,55.79999923706055
2017-10-05,57.0
2017-10-06,55.619998931884766
2017-10-09,55.790000915527344
2017-10-10,56.61000061035156
2017-10-11,56.939998626708984
2017-10-12,56.25
2017-10-13,57.16999816894531
2017-10-16,57.81999969482422
2017-10-17,57.880001068115234
2017-10-18,58.150001525878906
2017-10-19,57.22999954223633
2017-10-20,57.75
2017-10-23,57.369998931884766
2017-10-24,58.33000183105469
2017-10-25,58.439998626708984
2017-10-26,59.29999923706055
2017-10-27,60.439998626708984
2017-10-30,60.900001525878906
2017-10-31,61.369998931884766
2017-11-01,61.290000915527344
2017-11-02,60.619998931884766
2017-11-03,62.06999969482422
2017-11-06,64.2699966430664
2017-11-07,63.689998626708984
2017-11-08,63.4900016784668
2017-11-09,63.93000030517578
2017-11-10,63.52000045776367
2017-11-13,63.15999984741211
2017-11-14,62.209999084472656
2017-11-15,61.869998931884766
2017-11-16,61.36000061035156
2017-11-17,62.720001220703125
2017-11-20,62.220001220703125
2017-11-21,62.56999969482422
2017-11-22,63.31999969482422
2017-11-24,63.86000061035156
2017-11-27,63.84000015258789
2017-11-28,63.61000061035156
2017-11-29,63.11000061035156
2017-11-30,63.56999969482422
2017-12-01,63.4900016784668
2017-12-04,62.45000076293945
2017-12-05,62.86000061035156
2017-12-06,61.220001220703125
2017-12-07,62.20000076293945
2017-12-08,63.400001525878906
2017-12-11,64.69000244140625
2017-12-12,63.34000015258789
2017-12-13,62.439998626708984
2017-12-14,63.310001373291016
2017-12-15,63.22999954223633
2017-12-18,63.40999984741211
2017-12-19,63.79999923706055
2017-12-20,64.55999755859375
2017-12-21,64.9000015258789
2017-12-22,65.25
2017-12-26,67.0199966430664
2017-12-27,66.44000244140625
2017-12-28,66.72000122070312
2017-12-29,66.5999984741211
2018-01-02,66.56999969482422
2018-01-03,67.83999633789062
2018-01-04,68.06999969482422
2018-01-05,67.62000274658203
2018-01-08,67.77999877929688
2018-01-09,68.81999969482422
2018-01-10,69.19999694824219
2018-01-11,69.26000213623047
2018-01-12,69.87000274658203
2018-01-16,69.1500015258789
2018-01-17,69.37999725341797
2018-01-18,69.30999755859375
2018-01-19,68.61000061035156
2018-01-22,69.02999877929688
2018-01-23,69.95999908447266
2018-01-24,70.52999877929688
2018-01-25,70.41999816894531
2018-01-26,70.5199966430664
2018-01-29,69.45999908447266
2018-01-30,69.0199966430664
2018-01-31,69.05000305175781
2018-02-01,69.08000183105469
2018-02-02,68.58000183105469
2018-02-05,67.62000274658203
2018-02-06,66.86000061035156
2018-02-07,65.51000213623047
2018-02-08,64.80999755859375
2018-02-09,62.790000915527344
2018-02-12,62.59000015258789
2018-02-13,62.720001220703125
2018-02-14,64.36000061035156
2018-02-15,64.33000183105469
2018-02-16,64.83999633789062
2018-02-20,65.25
2018-02-21,65.41999816894531
2018-02-22,66.38999938964844
2018-02-23,67.30999755859375
2018-02-26,67.5
2018-02-27,66.62999725341797
2018-02-28,65.77999877929688
2018-03-01,65.70999908447266
2018-03-02,64.37000274658203
2018-03-05,65.54000091552734
2018-03-06,65.79000091552734
2018-03-07,64.33999633789062
2018-03-08,63.61000061035156
2018-03-09,65.48999786376953
2018-03-12,64.94999694824219
2018-03-13,64.63999938964844
2018-03-14,64.88999938964844
2018-03-15,65.12000274658203
2018-03-16,66.20999908447266
2018-03-19,66.05000305175781
2018-03-20,67.41999816894531
2018-03-21,69.47000122070312
2018-03-22,68.91000366210938
2018-03-23,70.44999694824219
2018-03-26,70.12000274658203
2018-03-27,70.11000061035156
2018-03-28,69.52999877929688
2018-03-29,70.2699966430664
2018-04-02,67.63999938964844
2018-04-03,68.12000274658203
2018-04-04,68.0199966430664
2018-04-05,68.33000183105469
2018-04-06,67.11000061035156
2018-04-09,68.6500015258789
2018-04-10,71.04000091552734
2018-04-11,72.05999755859375
2018-04-12,72.0199966430664
2018-04-13,72.58000183105469
2018-04-16,71.41999816894531
2018-04-17,71.58000183105469
2018-04-18,73.4800033569336
2018-04-19,73.77999877929688
2018-04-20,74.05999755859375
2018-04-23,74.70999908447266
2018-04-24,73.86000061035156
2018-04-25,74.0
2018-04-26,74.73999786376953
2018-04-27,74.63999938964844
2018-04-30,75.16999816894531
2018-05-01,75.16999816894531
2018-05-02,73.36000061035156
2018-05-03,73.62000274658203
2018-05-04,74.87000274658203
2018-05-07,76.16999816894531
2018-05-08,74.8499984741211
2018-05-09,77.20999908447266
2018-05-10,77.47000122070312
2018-05-11,77.12000274658203
2018-05-14,78.2300033569336
2018-05-15,78.43000030517578
2018-05-16,79.27999877929688
2018-05-17,79.30000305175781
2018-05-18,78.51000213623047
2018-05-21,79.22000122070312
2018-05-22,79.56999969482422
2018-05-23,79.80000305175781
2018-05-24,78.79000091552734
2018-05-25,76.44000244140625
2018-05-29,75.38999938964844
2018-05-30,77.5
2018-05-31,77.58999633789062
2018-06-01,77.58999633789062
2018-06-04,75.29000091552734
2018-06-05,75.37999725341797
2018-06-06,75.36000061035156
2018-06-07,77.31999969482422
2018-06-08,76.45999908447266
2018-06-11,76.45999908447266
2018-06-12,75.87999725341797
2018-06-13,76.73999786376953
2018-06-14,75.94000244140625
2018-06-15,73.44000244140625
2018-06-18,75.33999633789062
2018-06-19,75.08000183105469
2018-06-20,74.73999786376953
2018-06-21,73.05000305175781
2018-06-22,75.55000305175781
2018-06-25,74.7300033569336
2018-06-26,76.30999755859375
2018-06-27,77.62000274658203
2018-06-28,77.8499984741211
2018-06-29,79.44000244140625
2018-07-02,77.30000305175781
2018-07-03,77.76000213623047
2018-07-05,77.38999938964844
2018-07-06,77.11000061035156
2018-07-09,78.06999969482422
2018-07-10,78.86000061035156
2018-07-11,73.4000015258789
2018-07-12,74.44999694824219
2018-07-13,75.33000183105469
2018-07-16,71.83999633789062
2018-07-17,72.16000366210938
2018-07-18,72.9000015258789
2018-07-19,72.58000183105469
2018-07-20,73.06999969482422
2018-07-23,73.05999755859375
2018-07-24,73.44000244140625
2018-07-25,73.93000030517578
2018-07-26,74.54000091552734
2018-07-27,74.29000091552734
2018-07-30,74.97000122070312
2018-07-31,74.25
2018-08-01,74.25
2018-08-02,73.44999694824219
2018-08-03,73.20999908447266
2018-08-06,73.75
2018-08-07,74.6500015258789
2018-08-08,72.27999877929688
2018-08-09,72.06999969482422
2018-08-10,72.80999755859375
2018-08-13,72.61000061035156
2018-08-14,72.45999908447266
2018-08-15,70.76000213623047
2018-08-16,71.43000030517578
2018-08-17,71.83000183105469
2018-08-20,72.20999908447266
2018-08-21,72.62999725341797
2018-08-22,74.77999877929688
2018-08-23,74.7300033569336
2018-08-24,75.81999969482422
2018-08-27,76.20999908447266
2018-08-28,75.94999694824219
2018-08-29,77.13999938964844
2018-08-30,77.7699966430664
2018-08-31,77.41999816894531
2018-09-04,78.16999816894531
2018-09-05,77.2699966430664
2018-09-06,76.5
2018-09-07,76.83000183105469
2018-09-10,77.37000274658203
2018-09-11,79.05999755859375
2018-09-12,79.73999786376953
2018-09-13,78.18000030517578
2018-09-14,78.08999633789062
2018-09-17,78.05000305175781
2018-09-18,79.02999877929688
2018-09-19,79.4000015258789
2018-09-20,78.69999694824219
2018-09-21,78.80000305175781
2018-09-24,81.19999694824219
2018-09-25,81.87000274658203
2018-09-26,81.33999633789062
2018-09-27,81.72000122070312
2018-09-28,82.72000122070312
2018-10-01,84.9800033569336
2018-10-02,84.80000305175781
2018-10-03,86.29000091552734
2018-10-04,84.58000183105469
2018-10-05,84.16000366210938
2018-10-08,83.91000366210938
2018-10-09,85.0
2018-10-10,83.08999633789062
2018-10-11,80.26000213623047
2018-10-12,80.43000030517578
2018-10-15,80.77999877929688
2018-10-16,81.41000366210938
2018-10-17,80.05000305175781
2018-10-18,79.29000091552734
2018-10-19,79.77999877929688
2018-10-22,79.83000183105469
2018-10-23,76.44000244140625
2018-10-24,76.16999816894531
2018-10-25,76.88999938964844
2018-10-26,77.62000274658203
2018-10-29,77.33999633789062
2018-10-30,75.91000366210938
2018-10-31,75.47000122070312
2018-11-01,75.5
2018-11-02,72.83000183105469
2018-11-05,73.16999816894531
2018-11-06,72.12999725341797
2018-11-07,72.06999969482422
2018-11-08,70.6500015258789
2018-11-09,70.18000030517578
2018-11-12,70.12000274658203
2018-11-13,65.47000122070312
2018-11-14,66.12000274658203
2018-11-15,66.62000274658203
2018-11-16,66.76000213623047
2018-11-19,66.79000091552734
2018-11-20,62.529998779296875
2018-11-21,63.47999954223633
2018-11-23,58.79999923706055
2018-11-26,60.47999954223633
2018-11-27,60.209999084472656
2018-11-28,58.7599983215332
2018-11-29,59.5099983215332
2018-11-30,58.709999084472656
2018-12-03,61.689998626708984
2018-12-04,62.08000183105469
2018-12-06,60.060001373291016
2018-12-07,61.66999816894531
2018-12-10,59.970001220703125
2018-12-11,60.20000076293945
2018-12-12,60.150001525878906
2018-12-13,61.45000076293945
2018-12-14,60.279998779296875
2018-12-17,59.61000061035156
2018-12-18,56.2599983215332
2018-12-19,57.2400016784668
2018-12-20,54.349998474121094
2018-12-21,53.81999969482422
2018-12-24,50.470001220703125
2018-12-26,54.470001220703125
2018-12-27,52.15999984741211
2018-12-28,52.20000076293945
2018-12-31,53.79999923706055
2019-01-02,54.90999984741211
2019-01-03,55.95000076293945
2019-01-04,57.060001373291016
2019-01-07,57.33000183105469
2019-01-08,58.720001220703125
2019-01-09,61.439998626708984
2019-01-10,61.68000030517578
2019-01-11,60.47999954223633
2019-01-14,58.9900016784668
2019-01-15,60.63999938964844
2019-01-16,61.31999969482422
2019-01-17,61.18000030517578
2019-01-18,62.70000076293945
2019-01-22,61.5
2019-01-23,61.13999938964844
2019-01-24,61.09000015258789
2019-01-25,61.63999938964844
2019-01-28,59.93000030517578
2019-01-29,61.31999969482422
2019-01-30,61.650001525878906
2019-01-31,61.88999938964844
2019-02-01,61.869998931884766
2019-02-04,62.5099983215332
2019-02-05,61.97999954223633
2019-02-06,62.689998626708984
2019-02-07,61.630001068115234
2019-02-08,62.099998474121094
2019-02-11,61.5099983215332
2019-02-12,62.41999816894531
2019-02-13,63.61000061035156
2019-02-14,64.56999969482422
2019-02-15,66.25
2019-02-19,66.44999694824219
2019-02-20,67.08000183105469
2019-02-21,67.06999969482422
2019-02-22,67.12000274658203
2019-02-25,64.76000213623047
2019-02-26,65.20999908447266
2019-02-27,66.38999938964844
2019-02-28,66.02999877929688
2019-03-01,65.06999969482422
2019-03-04,65.66999816894531
2019-03-05,65.86000061035156
2019-03-06,65.98999786376953
2019-03-07,66.30000305175781
2019-03-08,65.73999786376953
2019-03-11,66.58000183105469
2019-03-12,66.66999816894531
2019-03-13,67.55000305175781
2019-03-14,67.2300033569336
2019-03-15,67.16000366210938
2019-03-18,67.54000091552734
2019-03-19,67.61000061035156
2019-03-20,68.5
2019-03-21,67.86000061035156
2019-03-22,67.02999877929688
2019-03-25,67.20999908447266
2019-03-26,67.97000122070312
2019-03-27,67.83000183105469
2019-03-28,67.81999969482422
2019-03-29,68.38999938964844
2019-04-01,69.01000213623047
2019-04-02,69.37000274658203
2019-04-03,69.30999755859375
2019-04-04,69.4000015258789
2019-04-05,70.33999633789062
2019-04-08,71.0999984741211
2019-04-09,70.61000061035156
2019-04-10,71.7300033569336
2019-04-11,70.83000183105469
2019-04-12,71.55000305175781
2019-04-15,71.18000030517578
2019-04-16,71.72000122070312
2019-04-17,71.62000274658203
2019-04-18,71.97000122070312
2019-04-22,74.04000091552734
2019-04-23,74.51000213623047
2019-04-24,74.56999969482422
2019-04-25,74.3499984741211
2019-04-26,72.1500015258789
2019-04-29,72.04000091552734
2019-04-30,72.80000305175781
2019-05-01,72.18000030517578
2019-05-02,70.75
2019-05-03,70.8499984741211
2019-05-06,71.23999786376953
2019-05-07,69.87999725341797
2019-05-08,70.37000274658203
2019-05-09,70.38999938964844
2019-05-10,70.62000274658203
2019-05-13,70.2300033569336
2019-05-14,71.23999786376953
2019-05-15,71.7699966430664
2019-05-16,72.62000274658203
2019-05-17,72.20999908447266
2019-05-20,71.97000122070312
2019-05-21,72.18000030517578
2019-05-22,70.98999786376953
2019-05-23,67.76000213623047
2019-05-24,68.69000244140625
2019-05-28,70.11000061035156
2019-05-29,69.44999694824219
2019-05-30,66.87000274658203
2019-05-31,64.48999786376953
2019-06-03,61.279998779296875
2019-06-04,61.970001220703125
2019-06-05,60.630001068115234
2019-06-06,61.66999816894531
2019-06-07,63.290000915527344
2019-06-10,62.290000915527344
2019-06-11,62.290000915527344
2019-06-12,59.970001220703125
2019-06-13,61.310001373291016
2019-06-14,62.0099983215332
2019-06-17,60.939998626708984
2019-06-18,62.13999938964844
2019-06-19,61.81999969482422
2019-06-20,64.44999694824219
2019-06-21,65.19999694824219
2019-06-24,64.86000061035156
2019-06-25,65.05000305175781
2019-06-26,66.48999786376953
2019-06-27,66.55000305175781
2019-06-28,66.55000305175781
2019-07-01,65.05999755859375
2019-07-02,62.400001525878906
2019-07-03,63.81999969482422
2019-07-05,64.2300033569336
2019-07-08,64.11000061035156
2019-07-09,64.16000366210938
2019-07-10,67.01000213623047
2019-07-11,66.5199966430664
2019-07-12,66.72000122070312
2019-07-15,66.4800033569336
2019-07-16,64.3499984741211
2019-07-17,63.65999984741211
2019-07-18,61.93000030517578
2019-07-19,62.470001220703125
2019-07-22,63.2599983215332
2019-07-23,63.83000183105469
2019-07-24,63.18000030517578
2019-07-25,63.38999938964844
2019-07-26,63.459999084472656
2019-07-29,63.709999084472656
2019-07-30,64.72000122070312
2019-07-31,65.16999816894531
2019-08-01,60.5
2019-08-02,61.88999938964844
2019-08-05,59.810001373291016
2019-08-06,58.939998626708984
2019-08-07,56.22999954223633
2019-08-08,57.380001068115234
2019-08-09,58.529998779296875
2019-08-12,58.56999969482422
2019-08-13,61.29999923706055
2019-08-14,59.47999954223633
2019-08-15,58.22999954223633
2019-08-16,58.63999938964844
2019-08-19,59.7400016784668
2019-08-20,60.029998779296875
2019-08-21,60.29999923706055
2019-08-22,59.91999816894531
2019-08-23,59.34000015258789
2019-08-26,58.70000076293945
2019-08-27,59.5099983215332
2019-08-28,60.4900016784668
2019-08-29,61.08000183105469
2019-08-30,60.43000030517578
2019-09-03,58.2599983215332
2019-09-04,60.70000076293945
2019-09-05,60.95000076293945
2019-09-06,61.540000915527344
2019-09-09,62.59000015258789
2019-09-10,62.380001068115234
2019-09-11,60.810001373291016
2019-09-12,60.380001068115234
2019-09-13,60.220001220703125
2019-09-16,69.0199966430664
2019-09-17,64.55000305175781
2019-09-18,63.599998474121094
2019-09-19,64.4000015258789
2019-09-20,64.27999877929688
2019-09-23,64.7699966430664
2019-09-24,63.099998474121094
2019-09-25,62.38999938964844
2019-09-26,62.7400016784668
2019-09-27,61.90999984741211
2019-09-30,60.779998779296875
2019-10-01,58.88999938964844
2019-10-02,57.689998626708984
2019-10-03,57.709999084472656
2019-10-04,58.369998931884766
2019-10-07,58.349998474121094
2019-10-08,58.2400016784668
2019-10-09,58.31999969482422
2019-10-10,59.099998474121094
2019-10-11,60.5099983215332
2019-10-14,59.349998474121094
2019-10-15,58.7400016784668
2019-10-16,59.41999816894531
2019-10-17,59.90999984741211
2019-10-18,59.41999816894531
2019-10-21,58.959999084472656
2019-10-22,59.70000076293945
2019-10-23,61.16999816894531
2019-10-24,61.66999816894531
2019-10-25,62.02000045776367
2019-10-28,61.56999969482422
2019-10-29,61.59000015258789
2019-10-30,60.61000061035156
2019-10-31,60.22999954223633
2019-11-01,61.689998626708984
2019-11-04,62.130001068115234
2019-11-05,62.959999084472656
2019-11-06,61.7400016784668
2019-11-07,62.290000915527344
2019-11-08,62.5099983215332
2019-11-11,62.18000030517578
2019-11-12,62.060001373291016
2019-11-13,62.369998931884766
2019-11-14,62.279998779296875
2019-11-15,63.29999923706055
2019-11-18,62.439998626708984
2019-11-19,60.90999984741211
2019-11-20,62.400001525878906
2019-11-21,63.970001220703125
2019-11-22,63.38999938964844
2019-11-25,63.650001525878906
2019-11-26,64.2699966430664
2019-11-27,64.05999755859375
2019-11-29,62.43000030517578
2019-12-02,60.91999816894531
2019-12-03,60.81999969482422
2019-12-04,63.0
2019-12-05,63.38999938964844
2019-12-06,64.38999938964844
2019-12-09,64.25
2019-12-10,64.33999633789062
2019-12-11,63.720001220703125
2019-12-12,64.19999694824219
2019-12-13,65.22000122070312
2019-12-16,65.33999633789062
2019-12-17,66.0999984741211
2019-12-18,66.16999816894531
2019-12-19,66.54000091552734
2019-12-20,66.13999938964844
2019-12-23,66.38999938964844
2019-12-24,67.19999694824219
2019-12-26,67.91999816894531
2019-12-27,68.16000366210938
2019-12-30,68.44000244140625
2019-12-31,66.0
2020-01-02,66.25
2020-01-03,68.5999984741211
2020-01-06,68.91000366210938
2020-01-07,68.2699966430664
2020-01-08,65.44000244140625
2020-01-09,65.37000274658203
2020-01-10,64.9800033569336
2020-01-13,64.19999694824219
2020-01-14,64.48999786376953
2020-01-15,64.0
2020-01-16,64.62000274658203
2020-01-17,64.8499984741211
2020-01-21,64.58999633789062
2020-01-22,63.209999084472656
2020-01-23,62.040000915527344
2020-01-24,60.689998626708984
2020-01-27,59.31999969482422
2020-01-28,59.5099983215332
2020-01-29,59.810001373291016
2020-01-30,58.290000915527344
2020-01-31,58.15999984741211
2020-02-03,54.45000076293945
2020-02-04,53.959999084472656
2020-02-05,55.279998779296875
2020-02-06,54.93000030517578
2020-02-07,54.470001220703125
2020-02-10,53.27000045776367
2020-02-11,54.0099983215332
2020-02-12,55.790000915527344
2020-02-13,56.34000015258789
2020-02-14,57.31999969482422
2020-02-18,57.75
2020-02-19,59.119998931884766
2020-02-20,59.310001373291016
2020-02-21,58.5
2020-02-24,56.29999923706055
2020-02-25,54.95000076293945
2020-02-26,53.43000030517578
2020-02-27,52.18000030517578
2020-02-28,50.52000045776367
2020-03-02,51.900001525878906
2020-03-03,51.86000061035156
2020-03-04,51.130001068115234
2020-03-05,49.9900016784668
2020-03-06,45.27000045776367
2020-03-09,34.36000061035156
2020-03-10,37.220001220703125
2020-03-11,35.790000915527344
2020-03-12,33.220001220703125
2020-03-13,33.849998474121094
2020-03-16,30.049999237060547
2020-03-17,28.729999542236328
2020-03-18,24.8799991607666
2020-03-19,28.469999313354492
2020-03-20,26.979999542236328
2020-03-23,27.030000686645508
2020-03-24,27.149999618530273
2020-03-25,27.389999389648438
2020-03-26,26.34000015258789
2020-03-27,24.93000030517578
2020-03-30,22.760000228881836
2020-03-31,22.739999771118164
2020-04-01,24.739999771118164
2020-04-02,29.940000534057617
2020-04-03,34.11000061035156
2020-04-06,33.04999923706055
2020-04-07,31.8700008392334
2020-04-08,32.84000015258789
2020-04-09,31.479999542236328
2020-04-13,31.739999771118164
2020-04-14,29.600000381469727
2020-04-15,27.690000534057617
2020-04-16,27.81999969482422
2020-04-17,28.079999923706055
2020-04-20,25.56999969482422
2020-04-21,19.329999923706055
2020-04-22,20.3700008392334
2020-04-23,21.329999923706055
2020-04-24,21.440000534057617
2020-04-27,19.989999771118164
2020-04-28,20.459999084472656
2020-04-29,22.540000915527344
2020-04-30,25.270000457763672
2020-05-01,26.440000534057617
2020-05-04,27.200000762939453
2020-05-05,30.969999313354492
2020-05-06,29.719999313354492
2020-05-07,29.459999084472656
2020-05-08,30.969999313354492
2020-05-11,29.6299991607666
2020-05-12,29.979999542236328
2020-05-13,29.190000534057617
2020-05-14,31.1299991607666
2020-05-15,32.5
2020-05-18,34.810001373291016
2020-05-19,34.650001525878906
2020-05-20,35.75
2020-05-21,36.060001373291016
2020-05-22,35.130001068115234
2020-05-26,36.16999816894531
2020-05-27,34.7400016784668
2020-05-28,35.290000915527344
2020-05-29,35.33000183105469
2020-06-01,38.31999969482422
2020-06-02,39.56999969482422
2020-06-03,39.790000915527344
2020-06-04,39.9900016784668
2020-06-05,42.29999923706055
2020-06-08,40.79999923706055
2020-06-09,41.18000030517578
2020-06-10,41.72999954223633
2020-06-11,38.54999923706055
2020-06-12,38.72999954223633
2020-06-15,39.720001220703125
2020-06-16,40.959999084472656
2020-06-17,40.709999084472656
2020-06-18,41.5099983215332
2020-06-19,42.189998626708984
2020-06-22,43.08000183105469
2020-06-23,42.630001068115234
2020-06-24,40.310001373291016
2020-06-25,41.04999923706055
2020-06-26,41.02000045776367
2020-06-29,41.709999084472656
2020-06-30,41.150001525878906
2020-07-01,42.029998779296875
2020-07-02,43.13999938964844
2020-07-06,43.099998474121094
2020-07-07,43.08000183105469
2020-07-08,43.290000915527344
2020-07-09,42.349998474121094
2020-07-10,43.2400016784668
2020-07-13,42.720001220703125
2020-07-14,42.900001525878906
2020-07-15,43.790000915527344
2020-07-16,43.369998931884766
2020-07-17,43.13999938964844
2020-07-20,43.279998779296875
2020-07-21,44.31999969482422
2020-07-22,44.290000915527344
2020-07-23,43.310001373291016
2020-07-24,43.34000015258789
2020-07-27,43.40999984741211
2020-07-28,43.220001220703125
2020-07-29,43.75
2020-07-30,42.939998626708984
2020-07-31,43.29999923706055
2020-08-03,44.150001525878906
2020-08-04,44.43000030517578
2020-08-05,45.16999816894531
2020-08-06,45.09000015258789
2020-08-07,44.400001525878906
2020-08-10,44.9900016784668
2020-08-11,44.5
2020-08-12,45.43000030517578
2020-08-13,44.959999084472656
2020-08-14,44.79999923706055
2020-08-17,45.369998931884766
2020-08-18,45.459999084472656
2020-08-19,45.369998931884766
2020-08-20,44.900001525878906
2020-08-21,44.349998474121094
2020-08-24,45.130001068115234
2020-08-25,45.86000061035156
2020-08-26,45.63999938964844
2020-08-27,45.09000015258789
2020-08-28,45.04999923706055
2020-08-31,45.279998779296875
2020-09-01,45.58000183105469
2020-09-02,44.43000030517578
2020-09-03,44.06999969482422
2020-09-04,42.65999984741211
2020-09-08,39.779998779296875
2020-09-09,40.790000915527344
2020-09-10,40.060001373291016
2020-09-11,39.83000183105469
2020-09-14,39.61000061035156
2020-09-15,40.529998779296875
2020-09-16,42.220001220703125
2020-09-17,43.29999923706055
2020-09-18,43.150001525878906
2020-09-21,41.439998626708984
2020-09-22,41.720001220703125
2020-09-23,41.77000045776367
2020-09-24,41.939998626708984
2020-09-25,41.91999816894531
2020-09-28,42.43000030517578
2020-09-29,41.029998779296875
2020-09-30,40.95000076293945
2020-10-01,40.93000030517578
2020-10-02,39.27000045776367
2020-10-05,41.290000915527344
2020-10-06,42.650001525878906
2020-10-07,41.9900016784668
2020-10-08,43.34000015258789
2020-10-09,42.849998474121094
2020-10-12,41.720001220703125
2020-10-13,42.45000076293945
2020-10-14,43.31999969482422
2020-10-15,43.15999984741211
2020-10-16,42.93000030517578
2020-10-19,42.619998931884766
2020-10-20,43.15999984741211
2020-10-21,41.72999954223633
2020-10-22,42.459999084472656
2020-10-23,41.77000045776367
2020-10-26,40.459999084472656
2020-10-27,41.20000076293945
2020-10-28,39.119998931884766
2020-10-29,37.650001525878906
2020-10-30,37.459999084472656
2020-11-02,38.970001220703125
2020-11-03,39.709999084472656
2020-11-04,41.22999954223633
2020-11-05,40.93000030517578
2020-11-06,39.45000076293945
2020-11-09,42.400001525878906
2020-11-10,43.61000061035156
2020-11-11,43.79999923706055
2020-11-12,43.529998779296875
2020-11-13,42.779998779296875
2020-11-16,43.81999969482422
2020-11-17,43.75
2020-11-18,44.34000015258789
2020-11-19,44.20000076293945
2020-11-20,44.959999084472656
2020-11-23,46.060001373291016
2020-11-24,47.86000061035156
2020-11-25,48.61000061035156
2020-11-27,48.18000030517578
2020-11-30,47.59000015258789
2020-12-01,47.41999816894531
2020-12-02,48.25
2020-12-03,48.709999084472656
2020-12-04,49.25
2020-12-07,48.790000915527344
2020-12-08,48.84000015258789
2020-12-09,48.86000061035156
2020-12-10,50.25
2020-12-11,49.970001220703125
2020-12-14,50.290000915527344
2020-12-15,50.7599983215332
2020-12-16,51.08000183105469
2020-12-17,51.5
2020-12-18,52.2599983215332
2020-12-21,50.90999984741211
2020-12-22,50.08000183105469
2020-12-23,51.20000076293945
2020-12-24,51.290000915527344
2020-12-28,50.86000061035156
2020-12-29,51.09000015258789
2020-12-30,51.34000015258789
2020-12-31,51.79999923706055
2021-01-04,51.09000015258789
2021-01-05,53.599998474121094
2021-01-06,54.29999923706055
2021-01-07,54.380001068115234
2021-01-08,55.9900016784668
2021-01-11,55.65999984741211
2021-01-12,56.58000183105469
2021-01-13,56.060001373291016
2021-01-14,56.41999816894531
2021-01-15,55.099998474121094
2021-01-19,55.900001525878906
2021-01-20,56.08000183105469
2021-01-21,56.099998474121094
2021-01-22,55.40999984741211
2021-01-25,55.880001068115234
2021-01-26,55.90999984741211
2021-01-27,55.810001373291016
2021-01-28,55.529998779296875
2021-01-29,55.880001068115234
2021-02-01,56.349998474121094
2021-02-02,57.459999084472656
2021-02-03,58.459999084472656
2021-02-04,58.84000015258789
2021-02-05,59.34000015258789
2021-02-08,60.560001373291016
2021-02-09,61.09000015258789
2021-02-10,61.470001220703125
2021-02-11,61.13999938964844
2021-02-12,62.43000030517578
2021-02-16,63.349998474121094
2021-02-17,64.33999633789062
2021-02-18,63.93000030517578
2021-02-19,62.90999984741211
2021-02-22,65.23999786376953
2021-02-23,65.37000274658203
2021-02-24,67.04000091552734
2021-02-25,66.87999725341797
2021-02-26,66.12999725341797
2021-03-01,63.689998626708984
2021-03-02,62.70000076293945
2021-03-03,64.06999969482422
2021-03-04,66.73999786376953
2021-03-05,69.36000061035156
2021-03-08,68.23999786376953
2021-03-09,67.5199966430664
2021-03-10,67.9000015258789
2021-03-11,69.62999725341797
2021-03-12,69.22000122070312
2021-03-15,68.87999725341797
2021-03-16,68.38999938964844
2021-03-17,68.0
2021-03-18,63.279998779296875
2021-03-19,64.52999877929688
2021-03-22,64.62000274658203
2021-03-23,60.790000915527344
2021-03-24,64.41000366210938
2021-03-25,61.95000076293945
2021-03-26,64.56999969482422
2021-03-29,64.9800033569336
2021-03-30,64.13999938964844
2021-03-31,63.540000915527344
2021-04-01,64.86000061035156
2021-04-05,62.150001525878906
2021-04-06,62.7400016784668
2021-04-07,63.15999984741211
2021-04-08,63.20000076293945
2021-04-09,62.95000076293945
2021-04-12,63.279998779296875
2021-04-13,63.66999816894531
2021-04-14,66.58000183105469
2021-04-15,66.94000244140625
2021-04-16,66.7699966430664
2021-04-19,67.05000305175781
2021-04-20,66.56999969482422
2021-04-21,65.31999969482422
2021-04-22,65.4000015258789
2021-04-23,66.11000061035156
2021-04-26,65.6500015258789
2021-04-27,66.41999816894531
2021-04-28,67.2699966430664
2021-04-29,68.55999755859375
2021-04-30,67.25
2021-05-03,67.55999755859375
2021-05-04,68.87999725341797
2021-05-05,68.95999908447266
2021-05-06,68.08999633789062
2021-05-07,68.27999877929688
2021-05-10,68.31999969482422
2021-05-11,68.55000305175781
2021-05-12,69.31999969482422
2021-05-13,67.05000305175781
2021-05-14,68.70999908447266
2021-05-17,69.45999908447266
2021-05-18,68.70999908447266
2021-05-19,66.66000366210938
2021-05-20,65.11000061035156
2021-05-21,66.44000244140625
2021-05-24,68.45999908447266
2021-05-25,68.6500015258789
2021-05-26,68.87000274658203
2021-05-27,69.45999908447266
2021-05-28,69.62999725341797
2021-06-01,70.25
2021-06-02,71.3499984741211
2021-06-03,71.30999755859375
2021-06-04,71.88999938964844
2021-06-07,71.48999786376953
2021-06-08,72.22000122070312
2021-06-09,72.22000122070312
2021-06-10,72.5199966430664
2021-06-11,72.69000244140625
2021-06-14,72.86000061035156
2021-06-15,73.98999786376953
2021-06-16,74.38999938964844
2021-06-17,73.08000183105469
2021-06-18,73.51000213623047
2021-06-21,74.9000015258789
2021-06-22,74.80999755859375
2021-06-23,75.19000244140625
2021-06-24,75.55999755859375
2021-06-25,76.18000030517578
2021-06-28,74.68000030517578
2021-06-29,74.76000213623047
2021-06-30,75.12999725341797
2021-07-01,75.83999633789062
2021-07-02,76.16999816894531
2021-07-06,74.52999877929688
2021-07-07,73.43000030517578
2021-07-08,74.12000274658203
2021-07-09,75.55000305175781
2021-07-12,75.16000366210938
2021-07-13,76.48999786376953
2021-07-14,74.76000213623047
2021-07-15,73.47000122070312
2021-07-16,73.58999633789062
2021-07-19,68.62000274658203
2021-07-20,69.3499984741211
2021-07-21,72.2300033569336
2021-07-22,73.79000091552734
2021-07-23,74.0999984741211
2021-07-26,74.5
2021-07-27,74.4800033569336
2021-07-28,74.73999786376953
2021-07-29,76.05000305175781
2021-07-30,76.33000183105469
2021-08-02,72.88999938964844
2021-08-03,72.41000366210938
2021-08-04,70.37999725341797
2021-08-05,71.29000091552734
2021-08-06,70.69999694824219
2021-08-09,69.04000091552734
2021-08-10,70.62999725341797
2021-08-11,71.44000244140625
2021-08-12,71.30999755859375
2021-08-13,70.58999633789062
2021-08-16,69.51000213623047
2021-08-17,69.02999877929688
2021-08-18,68.2300033569336
2021-08-19,66.44999694824219
2021-08-20,65.18000030517578
2021-08-23,68.75
2021-08-24,71.05000305175781
2021-08-25,72.25
2021-08-26,71.06999969482422
2021-08-27,72.69999694824219
2021-08-30,73.41000366210938
2021-08-31,72.98999786376953
2021-09-01,71.58999633789062
2021-09-02,73.02999877929688
2021-09-03,72.61000061035156
2021-09-07,71.69000244140625
2021-09-08,72.5999984741211
2021-09-09,71.44999694824219
2021-09-10,72.91999816894531
2021-09-13,73.51000213623047
2021-09-14,73.5999984741211
2021-09-15,75.45999908447266
2021-09-16,75.66999816894531
2021-09-17,75.33999633789062
2021-09-20,73.91999816894531
2021-09-21,74.36000061035156
2021-09-22,76.19000244140625
2021-09-23,77.25
2021-09-24,78.08999633789062
2021-09-27,79.52999877929688
2021-09-28,79.08999633789062
2021-09-29,78.63999938964844
2021-09-30,78.5199966430664
2021-10-01,79.27999877929688
2021-10-04,81.26000213623047
2021-10-05,82.55999755859375
2021-10-06,81.08000183105469
2021-10-07,81.94999694824219
2021-10-08,82.38999938964844
2021-10-11,83.6500015258789
2021-10-12,83.41999816894531
2021-10-13,83.18000030517578
2021-10-14,84.0
2021-10-15,84.86000061035156
2021-10-18,84.33000183105469
2021-10-19,85.08000183105469
2021-10-20,85.81999969482422
2021-10-21,84.61000061035156
2021-10-22,85.52999877929688
2021-10-25,85.98999786376953
2021-10-26,86.4000015258789
2021-10-27,84.58000183105469
2021-10-28,84.31999969482422
2021-10-29,84.37999725341797
2021-11-01,84.70999908447266
2021-11-02,84.72000122070312
2021-11-03,81.98999786376953
2021-11-04,80.54000091552734
2021-11-05,82.73999786376953
2021-11-08,83.43000030517578
2021-11-09,84.77999877929688
2021-11-10,82.63999938964844
2021-11-11,82.87000274658203
2021-11-12,82.16999816894531
2021-11-15,82.05000305175781
2021-11-16,82.43000030517578
2021-11-17,80.27999877929688
2021-11-18,81.23999786376953
2021-11-19,78.88999938964844
2021-11-22,79.69999694824219
2021-11-23,82.30999755859375
2021-11-24,82.25
2021-11-26,72.72000122070312
2021-11-29,73.44000244140625
2021-11-30,70.56999969482422
2021-12-01,68.87000274658203
2021-12-02,69.66999816894531
2021-12-03,69.87999725341797
2021-12-06,73.08000183105469
2021-12-07,75.44000244140625
2021-12-08,75.81999969482422
2021-12-09,74.41999816894531
2021-12-10,75.1500015258789
2021-12-13,74.38999938964844
2021-12-14,73.69999694824219
2021-12-15,73.87999725341797
2021-12-16,75.0199966430664
2021-12-17,73.5199966430664
2021-12-20,71.5199966430664
2021-12-21,73.9800033569336
2021-12-22,75.29000091552734
2021-12-23,76.8499984741211
2021-12-27,78.5999984741211
2021-12-28,78.94000244140625
2021-12-29,79.2300033569336
2021-12-30,79.31999969482422
2021-12-31,77.77999877929688
2022-01-03,78.9800033569336
2022-01-04,80.0
2022-01-05,80.80000305175781
2022-01-06,81.98999786376953
2022-01-07,81.75
2022-01-10,80.87000274658203
2022-01-11,83.72000122070312
2022-01-12,84.66999816894531
2022-01-13,84.47000122070312
2022-01-14,86.05999755859375
2022-01-18,87.51000213623047
2022-01-19,88.44000244140625
2022-01-20,88.37999725341797
2022-01-21,87.88999938964844
2022-01-24,86.2699966430664
2022-01-25,88.19999694824219
2022-01-26,89.95999908447266
2022-01-27,89.33999633789062
2022-01-28,90.02999877929688
2022-01-31,91.20999908447266
2022-02-01,89.16000366210938
2022-02-02,89.47000122070312
2022-02-03,91.11000061035156
2022-02-04,93.2699966430664
2022-02-07,92.69000244140625
2022-02-08,90.77999877929688
2022-02-09,91.55000305175781
2022-02-10,91.41000366210938
2022-02-11,94.44000244140625
2022-02-14,96.4800033569336
2022-02-15,93.27999877929688
2022-02-16,94.80999755859375
2022-02-17,92.97000122070312
2022-02-18,93.54000091552734
2022-02-22,96.83999633789062
2022-02-23,96.83999633789062
2022-02-24,99.08000183105469
2022-02-25,97.93000030517578
2022-02-28,100.98999786376953
2022-03-01,104.97000122070312
2022-03-02,112.93000030517578
2022-03-03,110.45999908447266
2022-03-04,118.11000061035156
2022-03-07,123.20999908447266
2022-03-08,127.9800033569336
2022-03-09,111.13999938964844
2022-03-10,109.33000183105469
2022-03-11,112.66999816894531
2022-03-14,106.9000015258789
2022-03-15,99.91000366210938
2022-03-16,98.0199966430664
2022-03-17,106.63999938964844
2022-03-18,107.93000030517578
2022-03-21,115.62000274658203
2022-03-22,115.4800033569336
2022-03-23,121.5999984741211
2022-03-24,119.02999877929688
2022-03-25,120.6500015258789
2022-03-28,112.4800033569336
2022-03-29,110.2300033569336
2022-03-30,113.44999694824219
2022-03-31,107.91000366210938
2022-04-01,104.38999938964844
2022-04-04,107.52999877929688
2022-04-05,106.63999938964844
2022-04-06,101.06999969482422
2022-04-07,100.58000183105469
2022-04-08,102.77999877929688
2022-04-11,98.4800033569336
2022-04-12,104.63999938964844
2022-04-13,108.77999877929688
2022-04-14,111.69999694824219
2022-04-18,113.16000366210938
2022-04-19,107.25
2022-04-20,106.80000305175781
2022-04-21,108.33000183105469
2022-04-22,106.6500015258789
2022-04-25,102.31999969482422
2022-04-26,104.98999786376953
2022-04-27,105.31999969482422
2022-04-28,107.58999633789062
2022-04-29,109.33999633789062
2022-05-02,107.58000183105469
2022-05-03,104.97000122070312
2022-05-04,110.13999938964844
2022-05-05,110.9000015258789
2022-05-06,112.38999938964844
2022-05-09,105.94000244140625
2022-05-10,102.45999908447266
2022-05-11,107.51000213623047
2022-05-12,107.44999694824219
2022-05-13,111.55000305175781
2022-05-16,114.23999786376953
2022-05-17,111.93000030517578
2022-05-18,109.11000061035156
2022-05-19,112.04000091552734
2022-05-20,112.55000305175781
2022-05-23,113.41999816894531
2022-05-24,113.55999755859375
2022-05-25,114.02999877929688
2022-05-26,117.4000015258789
2022-05-27,119.43000030517578
2022-05-31,122.83999633789062
2022-06-01,116.29000091552734
2022-06-02,117.61000061035156
2022-06-03,119.72000122070312
2022-06-06,119.51000213623047
2022-06-07,120.56999969482422
2022-06-08,123.58000183105469
2022-06-09,123.06999969482422
2022-06-10,122.01000213623047
2022-06-13,122.2699966430664
2022-06-14,121.16999816894531
2022-06-15,118.51000213623047
2022-06-16,119.80999755859375
2022-06-17,113.12000274658203
2022-06-21,114.6500015258789
2022-06-22,111.73999786376953
2022-06-23,110.05000305175781
2022-06-24,113.12000274658203
2022-06-27,115.08999633789062
2022-06-28,117.9800033569336
2022-06-29,116.26000213623047
2022-06-30,114.80999755859375
2022-07-01,111.62999725341797
2022-07-05,102.7699966430664
2022-07-06,100.69000244140625
2022-07-07,104.6500015258789
2022-07-08,107.0199966430664
2022-07-11,107.0999984741211
2022-07-12,99.48999786376953
2022-07-13,99.56999969482422
2022-07-14,99.0999984741211
2022-07-15,101.16000366210938
2022-07-18,106.2699966430664
2022-07-19,107.3499984741211
2022-07-20,106.91999816894531
2022-07-21,103.86000061035156
2022-07-22,103.19999694824219
2022-07-25,105.1500015258789
2022-07-26,104.4000015258789
2022-07-27,106.62000274658203
2022-07-28,107.13999938964844
2022-07-29,110.01000213623047
2022-08-01,100.02999877929688
2022-08-02,100.54000091552734
2022-08-03,96.77999877929688
2022-08-04,94.12000274658203
2022-08-05,94.91999816894531
2022-08-08,96.6500015258789
2022-08-09,96.30999755859375
2022-08-10,97.4000015258789
2022-08-11,99.5999984741211
2022-08-12,98.1500015258789
2022-08-15,95.0999984741211
2022-08-16,92.33999633789062
2022-08-17,93.6500015258789
2022-08-18,96.58999633789062
2022-08-19,96.72000122070312
2022-08-22,96.4800033569336
2022-08-23,100.22000122070312
2022-08-24,101.22000122070312
2022-08-25,99.33999633789062
2022-08-26,100.98999786376953
2022-08-29,105.08999633789062
2022-08-30,99.30999755859375
2022-08-31,96.48999786376953
2022-09-01,92.36000061035156
2022-09-02,93.0199966430664
2022-09-06,92.83000183105469
2022-09-07,88.0
2022-09-08,89.1500015258789
2022-09-09,92.83999633789062
2022-09-12,94.0
2022-09-13,93.16999816894531
2022-09-14,94.0999984741211
2022-09-15,90.83999633789062
2022-09-16,91.3499984741211
2022-09-19,92.0
2022-09-20,90.62000274658203
2022-09-21,89.83000183105469
2022-09-22,90.45999908447266
2022-09-23,86.1500015258789
2022-09-26,84.05999755859375
2022-09-27,86.2699966430664
2022-09-28,89.31999969482422
2022-09-29,88.48999786376953
2022-09-30,87.95999908447266
2022-10-03,88.86000061035156
2022-10-04,91.80000305175781
2022-10-05,93.37000274658203
2022-10-06,94.41999816894531
2022-10-07,97.91999816894531
2022-10-10,96.19000244140625
2022-10-11,94.29000091552734
2022-10-12,92.44999694824219
2022-10-13,94.56999969482422
2022-10-14,91.62999725341797
2022-10-17,91.62000274658203
2022-10-18,90.02999877929688
2022-10-19,92.41000366210938
2022-10-20,92.37999725341797
2022-10-21,93.5
2022-10-24,93.26000213623047
2022-10-25,93.5199966430664
2022-10-26,95.69000244140625
2022-10-27,96.95999908447266
2022-10-28,95.7699966430664
2022-10-31,94.83000183105469
2022-11-01,94.6500015258789
2022-11-02,96.16000366210938
2022-11-03,94.66999816894531
2022-11-04,98.56999969482422
2022-11-07,97.91999816894531
2022-11-08,95.36000061035156
2022-11-09,92.6500015258789
2022-11-10,93.66999816894531
2022-11-11,95.98999786376953
2022-11-14,93.13999938964844
2022-11-15,93.86000061035156
2022-11-16,92.86000061035156
2022-11-17,89.77999877929688
2022-11-18,87.62000274658203
2022-11-21,87.44999694824219
2022-11-22,88.36000061035156
2022-11-23,85.41000366210938
2022-11-25,83.62999725341797
2022-11-28,83.19000244140625
2022-11-29,83.02999877929688
2022-11-30,85.43000030517578
2022-12-01,86.87999725341797
2022-12-02,85.56999969482422
2022-12-05,82.68000030517578
2022-12-06,79.3499984741211
2022-12-07,77.16999816894531
2022-12-08,76.1500015258789
2022-12-09,76.0999984741211
2022-12-12,77.98999786376953
2022-12-13,80.68000030517578
2022-12-14,82.69999694824219
2022-12-15,81.20999908447266
2022-12-16,79.04000091552734
2022-12-19,79.80000305175781
2022-12-20,79.98999786376953
2022-12-21,82.19999694824219
2022-12-22,80.9800033569336
2022-12-23,83.91999816894531
2022-12-27,84.33000183105469
2022-12-28,83.26000213623047
2022-12-29,82.26000213623047
2022-12-30,85.91000366210938
2023-01-03,82.0999984741211
2023-01-04,77.83999633789062
2023-01-05,78.69000244140625
2023-01-06,78.56999969482422
2023-01-09,79.6500015258789
2023-01-10,80.0999984741211
2023-01-11,82.66999816894531
2023-01-12,84.02999877929688
2023-01-13,85.27999877929688
2023-01-17,85.91999816894531
2023-01-18,84.9800033569336
2023-01-19,86.16000366210938
2023-01-20,87.62999725341797
2023-01-23,88.19000244140625
2023-01-24,86.12999725341797
2023-01-25,86.12000274658203
2023-01-26,87.47000122070312
2023-01-27,86.66000366210938
2023-01-30,84.9000015258789
2023-01-31,84.48999786376953
2023-02-01,82.83999633789062
2023-02-02,82.16999816894531
2023-02-03,79.94000244140625
2023-02-06,80.98999786376953
2023-02-07,83.69000244140625
2023-02-08,85.08999633789062
2023-02-09,84.5
2023-02-10,86.38999938964844
2023-02-13,86.61000061035156
2023-02-14,85.58000183105469
2023-02-15,85.37999725341797
2023-02-16,85.13999938964844
2023-02-17,83.0
2023-02-21,83.05000305175781
2023-02-22,80.5999984741211
2023-02-23,82.20999908447266
2023-02-24,83.16000366210938
2023-02-27,82.44999694824219
2023-02-28,83.88999938964844
2023-03-01,84.30999755859375
2023-03-02,84.75
2023-03-03,85.83000183105469
2023-03-06,86.18000030517578
2023-03-07,83.29000091552734
2023-03-08,82.66000366210938
2023-03-09,81.58999633789062
2023-03-10,82.77999877929688
2023-03-13,80.7699966430664
2023-03-14,77.44999694824219
2023-03-15,73.69000244140625
2023-03-16,74.69999694824219
2023-03-17,72.97000122070312
2023-03-20,73.79000091552734
2023-03-21,75.31999969482422
2023-03-22,76.69000244140625
2023-03-23,75.91000366210938
2023-03-24,74.98999786376953
2023-03-27,78.12000274658203
2023-03-28,78.6500015258789
2023-03-29,78.27999877929688
2023-03-30,79.2699966430664
2023-03-31,79.7699966430664
2023-04-03,84.93000030517578
2023-04-04,84.94000244140625
2023-04-05,84.98999786376953
2023-04-06,85.12000274658203
2023-04-10,84.18000030517578
2023-04-11,85.61000061035156
2023-04-12,87.33000183105469
2023-04-13,86.08999633789062
2023-04-14,86.30999755859375
2023-04-17,84.76000213623047
2023-04-18,84.7699966430664
2023-04-19,83.12000274658203
2023-04-20,81.0999984741211
2023-04-21,81.66000366210938
2023-04-24,82.7300033569336
2023-04-25,80.7699966430664
2023-04-26,77.69000244140625
2023-04-27,78.37000274658203
2023-04-28,79.54000091552734
2023-05-01,79.30999755859375
2023-05-02,75.31999969482422
2023-05-03,72.33000183105469
2023-05-04,72.5
2023-05-05,75.30000305175781
2023-05-08,77.01000213623047
2023-05-09,77.44000244140625
2023-05-10,76.41000366210938
2023-05-11,74.9800033569336
2023-05-12,74.16999816894531
2023-05-15,75.2300033569336
2023-05-16,74.91000366210938
2023-05-17,76.95999908447266
2023-05-18,75.86000061035156
2023-05-19,75.58000183105469
2023-05-22,75.98999786376953
2023-05-23,76.83999633789062
2023-05-24,78.36000061035156
2023-05-25,76.26000213623047
2023-05-26,76.94999694824219
2023-05-30,73.54000091552734
2023-05-31,72.66000366210938
2023-06-01,74.27999877929688
2023-06-02,76.12999725341797
2023-06-05,76.70999908447266
2023-06-06,76.29000091552734
2023-06-07,76.94999694824219
2023-06-08,75.95999908447266
2023-06-09,74.79000091552734
2023-06-12,71.83999633789062
2023-06-13,74.29000091552734
2023-06-14,73.19999694824219
2023-06-15,75.66999816894531
2023-06-16,76.61000061035156
2023-06-20,75.9000015258789
2023-06-21,77.12000274658203
2023-06-22,74.13999938964844
2023-06-23,73.8499984741211
2023-06-26,74.18000030517578
2023-06-27,72.26000213623047
2023-06-28,74.02999877929688
2023-06-29,74.33999633789062
2023-06-30,74.9000015258789
2023-07-03,74.6500015258789
2023-07-05,76.6500015258789
2023-07-06,76.5199966430664
2023-07-07,78.47000122070312
2023-07-10,77.69000244140625
2023-07-11,79.4000015258789
2023-07-12,80.11000061035156
2023-07-13,81.36000061035156
2023-07-14,79.87000274658203
2023-07-17,78.5
2023-07-18,79.62999725341797
2023-07-19,79.45999908447266
2023-07-20,79.63999938964844
2023-07-21,81.06999969482422
2023-07-24,82.73999786376953
2023-07-25,83.63999938964844
2023-07-26,82.91999816894531
2023-07-27,84.23999786376953
2023-07-28,84.98999786376953
2023-07-31,85.55999755859375
2023-08-01,84.91000366210938
2023-08-02,83.19999694824219
2023-08-03,85.13999938964844
2023-08-04,86.23999786376953
2023-08-07,85.33999633789062
2023-08-08,86.16999816894531
2023-08-09,87.55000305175781
2023-08-10,86.4000015258789
2023-08-11,86.80999755859375
2023-08-14,86.20999908447266
2023-08-15,84.88999938964844
2023-08-16,83.44999694824219
2023-08-17,84.12000274658203
2023-08-18,84.80000305175781
2023-08-21,84.45999908447266
2023-08-22,84.02999877929688
2023-08-23,83.20999908447266
2023-08-24,83.36000061035156
2023-08-25,84.4800033569336
2023-08-28,84.41999816894531
2023-08-29,85.48999786376953
2023-08-30,85.86000061035156
2023-08-31,86.86000061035156
2023-09-01,88.55000305175781
2023-09-05,90.04000091552734
2023-09-06,90.5999984741211
2023-09-07,89.91999816894531
2023-09-08,90.6500015258789
2023-09-11,90.63999938964844
2023-09-12,92.05999755859375
2023-09-13,91.87999725341797
2023-09-14,93.69999694824219
2023-09-15,93.93000030517578
2023-09-18,94.43000030517578
2023-09-19,94.33999633789062
2023-09-20,93.52999877929688
2023-09-21,93.30000305175781
2023-09-22,93.2699966430664
2023-09-25,93.29000091552734
2023-09-26,93.95999908447266
2023-09-27,96.55000305175781
2023-09-28,95.37999725341797
2023-09-29,95.30999755859375
2023-10-02,90.70999908447266
2023-10-03,90.91999816894531
2023-10-04,85.80999755859375
2023-10-05,84.06999969482422
2023-10-06,84.58000183105469
2023-10-09,88.1500015258789
2023-10-10,87.6500015258789
2023-10-11,85.81999969482422
2023-10-12,86.0
2023-10-13,90.88999938964844
2023-10-16,89.6500015258789
2023-10-17,89.9000015258789
2023-10-18,91.5
2023-10-19,92.37999725341797
2023-10-20,92.16000366210938
2023-10-23,89.83000183105469
2023-10-24,88.06999969482422
2023-10-25,90.12999725341797
2023-10-26,87.93000030517578
2023-10-27,90.4800033569336
2023-10-30,87.44999694824219
2023-10-31,87.41000366210938
2023-11-01,84.62999725341797
2023-11-02,86.8499984741211
2023-11-03,84.88999938964844
2023-11-06,85.18000030517578
2023-11-07,81.61000061035156
2023-11-08,79.54000091552734
2023-11-09,80.01000213623047
2023-11-10,81.43000030517578
2023-11-13,82.5199966430664
2023-11-14,82.47000122070312
2023-11-15,81.18000030517578
2023-11-16,77.41999816894531
2023-11-17,80.61000061035156
2023-11-20,82.31999969482422
2023-11-21,82.44999694824219
2023-11-22,81.95999908447266
2023-11-23,81.37000274658203
2023-11-24,80.58000183105469
2023-11-27,79.9800033569336
2023-11-28,81.68000030517578
2023-11-29,83.0999984741211
2023-11-30,82.83000183105469
2023-12-01,78.87999725341797
2023-12-04,78.02999877929688
2023-12-05,77.19999694824219
2023-12-06,74.30000305175781
2023-12-07,74.05000305175781
2023-12-08,75.83999633789062
2023-12-11,76.02999877929688
2023-12-12,73.23999786376953
2023-12-13,74.26000213623047
2023-12-14,76.61000061035156
2023-12-15,76.55000305175781
2023-12-18,77.94999694824219
2023-12-19,79.2300033569336
2023-12-20,79.69999694824219
2023-12-21,79.38999938964844
2023-12-22,79.06999969482422
2023-12-26,81.06999969482422
2023-12-27,79.6500015258789
2023-12-28,78.38999938964844
2023-12-29,77.04000091552734
